Date,County,TotalBeds,AvailableBeds,HospitalCapacity,Hospitalized,ICU,Ventilated,AdmitPrevDay,DischPrevDay,DeltaAdmit
2020-04-02,BROWARD,6816,NA,NA,204,71,56,NA,NA,NA
2020-04-02,MIAMI-DADE,9455,NA,NA,320,130,116,NA,NA,NA
2020-04-02,PALM BEACH,4332,NA,NA,150,78,38,NA,NA,NA
2020-04-03,BROWARD,6816,NA,NA,250,87,70,143,49,94
2020-04-03,MIAMI-DADE,9455,NA,NA,346,133,116,111,33,78
2020-04-03,PALM BEACH,4332,NA,NA,171,69,60,31,12,19
2020-04-04,BROWARD,6816,NA,NA,298,98,80,41,18,23
2020-04-04,MIAMI-DADE,9455,NA,NA,416,133,112,59,37,22
2020-04-04,PALM BEACH,4332,NA,NA,170,77,75,50,47,3
2020-04-05,BROWARD,6816,NA,NA,341,96,92,83,66,17
2020-04-05,MIAMI-DADE,9455,NA,NA,533,188,146,108,19,89
2020-04-05,PALM BEACH,4332,NA,NA,180,83,73,49,15,34
2020-04-06,BROWARD,6816,NA,NA,389,122,110,71,72,-1
2020-04-06,MIAMI-DADE,9455,NA,NA,516,178,151,89,21,68
2020-04-06,PALM BEACH,4332,NA,NA,138,64,58,49,48,1
2020-04-07,BROWARD,6816,NA,NA,413,128,113,65,81,-16
2020-04-07,MIAMI-DADE,9455,NA,NA,591,199,167,76,28,48
2020-04-07,PALM BEACH,4332,NA,NA,199,84,63,64,39,25
2020-04-08,BROWARD,6816,NA,NA,391,135,119,62,108,-46
2020-04-08,MIAMI-DADE,9455,NA,NA,636,215,166,107,32,75
2020-04-08,PALM BEACH,4332,NA,NA,158,68,51,47,28,19
2020-04-09,BROWARD,6816,NA,NA,376,135,106,55,54,1
2020-04-09,MIAMI-DADE,9455,NA,NA,634,232,170,99,61,38
2020-04-09,PALM BEACH,4332,NA,NA,212,86,66,93,39,54
2020-04-10,BROWARD,6816,3575,0.5245011737089202,374,136,114,83,84,-1
2020-04-10,MIAMI-DADE,9455,4977,0.5263881544156531,681,245,172,79,37,42
2020-04-10,PALM BEACH,4332,2208,0.5096952908587258,184,90,54,46,46,0
2020-04-10,BROWARD,6816,NA,NA,380,148,120,84,72,12
2020-04-10,MIAMI-DADE,9455,NA,NA,676,251,183,73,36,37
2020-04-10,PALM BEACH,4332,NA,NA,200,99,55,48,40,8
2020-04-11,BROWARD,6816,NA,NA,370,140,115,71,80,-9
2020-04-11,MIAMI-DADE,9455,NA,NA,671,238,177,99,64,35
2020-04-11,PALM BEACH,4332,NA,NA,196,94,58,60,22,38
2020-04-12,BROWARD,6816,NA,NA,400,145,120,66,60,6
2020-04-12,MIAMI-DADE,9455,NA,NA,672,243,192,80,59,21
2020-04-12,PALM BEACH,4332,NA,NA,229,103,60,36,25,11
2020-04-12,BROWARD,6816,NA,NA,398,152,121,77,64,13
2020-04-12,MIAMI-DADE,9455,NA,NA,714,245,183,60,61,-1
2020-04-12,PALM BEACH,4332,NA,NA,228,103,63,38,26,12
2020-04-13,BROWARD,6816,NA,NA,326,128,99,72,59,13
2020-04-13,MIAMI-DADE,9455,NA,NA,653,247,184,74,47,27
2020-04-13,PALM BEACH,4332,NA,NA,239,90,54,64,38,26
2020-04-13,BROWARD,6816,NA,NA,406,146,116,84,62,22
2020-04-13,MIAMI-DADE,9455,NA,NA,695,251,184,80,48,32
2020-04-13,PALM BEACH,4332,NA,NA,242,91,57,66,39,27
2020-04-14,BROWARD,6816,2035,0.29856220657276994,400,144,116,89,60,29
2020-04-14,MIAMI-DADE,9455,3264,0.3452141723955579,653,204,146,69,41,28
2020-04-14,PALM BEACH,4332,1902,0.4390581717451524,241,89,56,65,44,21
2020-04-14,BROWARD,6816,1992,0.29225352112676056,398,140,108,107,65,42
2020-04-14,MIAMI-DADE,9455,3483,0.3683765203595981,712,249,174,86,66,20
2020-04-14,PALM BEACH,4332,1893,0.43698060941828254,204,73,48,63,49,14
2020-04-15,BROWARD,6816,1970,0.2890258215962441,387,144,112,142,136,6
2020-04-15,MIAMI-DADE,9455,3325,0.35166578529878373,693,234,169,84,76,8
2020-04-15,PALM BEACH,4332,1832,0.4228993536472761,223,85,51,74,38,36
2020-04-16,BROWARD,6816,2199,0.3226232394366197,396,147,114,136,111,25
2020-04-16,MIAMI-DADE,9455,3341,0.35335801163405606,714,223,176,77,84,-7
2020-04-16,PALM BEACH,4332,1807,0.41712834718374886,241,89,53,74,34,40
2020-04-16,BROWARD,6816,2100,0.30809859154929575,378,139,106,125,55,70
2020-04-16,MIAMI-DADE,9455,3604,0.38117398202009517,736,226,176,74,111,-37
2020-04-16,PALM BEACH,4332,1881,0.4342105263157895,250,92,54,72,38,34
2020-04-17,BROWARD,6816,2068,0.3034037558685446,376,135,106,122,63,59
2020-04-17,MIAMI-DADE,9455,3570,0.37757800105764144,706,213,172,83,107,-24
2020-04-17,PALM BEACH,4332,1807,0.41712834718374886,236,87,52,74,26,48
2020-04-17,BROWARD,6816,2132,0.31279342723004694,365,135,104,70,44,26
2020-04-17,MIAMI-DADE,9455,3471,0.3671073506081438,797,285,170,74,88,-14
2020-04-17,PALM BEACH,4332,1868,0.4312096029547553,239,88,54,60,33,27
2020-04-18,BROWARD,6816,2055,0.30149647887323944,310,107,82,68,118,-50
2020-04-18,MIAMI-DADE,9455,3455,0.3654151242728715,697,221,170,101,137,-36
2020-04-18,PALM BEACH,4332,1866,0.4307479224376731,240,91,53,62,33,29
2020-04-18,BROWARD,6816,2150,0.3154342723004695,381,125,102,64,48,16
2020-04-18,MIAMI-DADE,9455,3561,0.37662612374405074,697,219,170,93,138,-45
2020-04-18,PALM BEACH,4332,1862,0.4298245614035088,237,89,54,61,33,28
2020-04-19,BROWARD,6816,2053,0.3012030516431925,378,127,100,53,43,10
2020-04-19,MIAMI-DADE,9455,3507,0.3709148598625066,730,223,170,71,105,-34
2020-04-19,PALM BEACH,4332,1800,0.4155124653739612,238,94,62,55,25,30
2020-04-20,BROWARD,6816,2029,0.2976819248826291,371,123,105,60,39,21
2020-04-20,MIAMI-DADE,9455,3410,0.36065573770491804,727,210,167,58,64,-6
2020-04-20,PALM BEACH,4332,1842,0.425207756232687,245,91,56,46,25,21
2020-04-21,BROWARD,6816,2082,0.30545774647887325,330,107,88,90,66,24
2020-04-21,MIAMI-DADE,9455,3468,0.36679005817028026,759,205,155,92,81,11
2020-04-21,PALM BEACH,4332,2128,0.49122807017543857,236,86,47,41,40,1
2020-04-22,BROWARD,6816,2069,0.30355046948356806,360,116,97,62,57,5
2020-04-22,MIAMI-DADE,9455,3260,0.3447911158117398,743,196,148,72,88,-16
2020-04-22,PALM BEACH,4332,1765,0.4074330563250231,232,88,52,46,35,11
2020-04-22,BROWARD,6816,2079,0.3050176056338028,356,117,95,52,40,12
2020-04-22,MIAMI-DADE,9455,3410,0.36065573770491804,722,194,139,71,121,-50
2020-04-22,PALM BEACH,4332,1783,0.4115881809787627,226,84,52,47,31,16
2020-04-23,BROWARD,6816,2099,0.3079518779342723,364,119,82,47,33,14
2020-04-23,MIAMI-DADE,9455,3378,0.35727128503437333,706,186,129,91,62,29
2020-04-23,PALM BEACH,4332,1762,0.4067405355493998,232,85,50,42,34,8
2020-04-23,BROWARD,6816,2044,0.29988262910798125,363,121,84,38,40,-2
2020-04-23,MIAMI-DADE,9455,3541,0.37451084082496033,728,192,139,82,65,17
2020-04-23,PALM BEACH,4332,1963,0.4531394275161588,229,84,49,38,30,8
2020-04-24,BROWARD,6816,1680,0.24647887323943662,372,117,102,46,38,8
2020-04-24,MIAMI-DADE,9455,3193,0.3377049180327869,694,173,125,86,66,20
2020-04-24,PALM BEACH,4332,1832,0.4228993536472761,223,73,50,40,32,8
2020-04-25,BROWARD,6816,1671,0.24515845070422534,347,116,103,67,57,10
2020-04-25,MIAMI-DADE,9455,3383,0.35780010576414595,699,182,133,85,50,35
2020-04-25,PALM BEACH,4332,1820,0.420129270544783,223,73,43,39,23,16
2020-04-25,BROWARD,6816,1679,0.24633215962441316,343,112,85,77,65,12
2020-04-25,MIAMI-DADE,9455,3288,0.3477525118984664,705,178,133,84,51,33
2020-04-25,PALM BEACH,4332,1774,0.40951061865189287,221,71,43,38,25,13
2020-04-26,BROWARD,6816,1689,0.24779929577464788,341,110,84,74,50,24
2020-04-26,MIAMI-DADE,9455,3231,0.3417239555790587,752,176,115,95,34,61
2020-04-26,PALM BEACH,4332,1777,0.4102031394275162,209,65,40,50,24,26
2020-04-26,BROWARD,6816,1675,0.24574530516431925,343,113,84,63,48,15
2020-04-26,MIAMI-DADE,9455,3250,0.3437334743521946,747,177,116,79,32,47
2020-04-26,PALM BEACH,4332,1761,0.40650969529085873,213,68,41,45,18,27
2020-04-27,BROWARD,6816,1825,0.2677523474178404,335,105,82,35,39,-4
2020-04-27,MIAMI-DADE,9455,3266,0.345425700687467,728,163,114,52,23,29
2020-04-27,PALM BEACH,4332,1771,0.4088180978762696,222,67,43,26,22,4
2020-04-27,BROWARD,6816,1836,0.26936619718309857,336,107,80,35,40,-5
2020-04-27,MIAMI-DADE,9455,3278,0.3466948704389212,725,162,115,50,26,24
2020-04-27,PALM BEACH,4332,1793,0.4138965835641736,223,69,44,25,22,3
2020-04-28,BROWARD,6816,1740,0.25528169014084506,324,99,74,69,59,10
2020-04-28,MIAMI-DADE,9455,3045,0.3220518244315177,763,204,128,53,43,10
2020-04-28,PALM BEACH,4332,1817,0.41943674976915973,229,75,45,30,27,3
2020-04-28,BROWARD,6816,1739,0.2551349765258216,324,99,74,69,59,10
2020-04-28,MIAMI-DADE,9455,2996,0.3168693812797462,776,203,127,71,52,19
2020-04-28,PALM BEACH,4332,1815,0.41897506925207756,230,75,40,29,25,4
2020-04-29,BROWARD,6816,1772,0.25997652582159625,319,101,77,59,55,4
2020-04-29,MIAMI-DADE,9455,2927,0.3095716552088842,746,204,119,74,48,26
2020-04-29,PALM BEACH,4332,1638,0.3781163434903047,236,72,43,33,23,10
2020-04-29,BROWARD,6816,1771,0.25982981220657275,319,101,77,59,55,4
2020-04-29,MIAMI-DADE,9455,2916,0.3084082496033845,747,196,120,75,44,31
2020-04-29,PALM BEACH,4332,1634,0.37719298245614036,232,73,44,31,22,9
2020-04-30,BROWARD,6816,1755,0.2574823943661972,311,92,77,47,50,-3
2020-04-30,MIAMI-DADE,9455,3006,0.31792702273929135,735,167,108,64,61,3
2020-04-30,PALM BEACH,4332,1661,0.38342566943674977,232,73,44,41,32,9
2020-04-30,BROWARD,6816,1757,0.2577758215962441,312,93,77,47,50,-3
2020-04-30,MIAMI-DADE,9455,3001,0.3173982020095188,735,168,108,58,63,-5
2020-04-30,PALM BEACH,4332,1668,0.3850415512465374,234,74,43,45,36,9
2020-05-01,BROWARD,6816,1833,0.2689260563380282,309,91,69,65,62,3
2020-05-01,MIAMI-DADE,9455,3266,0.345425700687467,733,177,110,69,76,-7
2020-05-01,PALM BEACH,4332,1629,0.3760387811634349,235,76,44,49,32,17
2020-05-01,BROWARD,6816,1833,0.2689260563380282,310,91,69,65,62,3
2020-05-01,MIAMI-DADE,9455,3274,0.34627181385510314,724,171,110,79,77,2
2020-05-01,PALM BEACH,4332,1607,0.37096029547553094,236,77,44,43,32,11
2020-05-02,BROWARD,6816,1762,0.2585093896713615,308,91,72,55,62,-7
2020-05-02,MIAMI-DADE,9455,3230,0.3416181914331042,715,168,107,86,72,14
2020-05-02,PALM BEACH,4332,1674,0.3864265927977839,241,76,50,34,34,0
2020-05-03,BROWARD,6816,1729,0.2536678403755869,301,89,67,31,30,1
2020-05-03,MIAMI-DADE,9455,3344,0.3536753040719196,707,181,103,68,134,-66
2020-05-03,PALM BEACH,4332,1739,0.40143120960295475,246,72,47,35,18,17
2020-05-03,BROWARD,6816,1715,0.2516138497652582,305,89,69,47,40,7
2020-05-03,MIAMI-DADE,9455,3335,0.3527234267583289,697,179,102,56,132,-76
2020-05-03,PALM BEACH,4332,1735,0.4005078485687904,242,71,46,33,17,16
2020-05-04,BROWARD,6816,1720,0.25234741784037557,271,74,53,34,43,-9
2020-05-04,MIAMI-DADE,9455,3114,0.3293495505023797,702,170,105,46,29,17
2020-05-04,PALM BEACH,4332,1621,0.37419205909510617,228,71,52,34,39,-5
2020-05-04,BROWARD,6816,1721,0.25249413145539906,270,75,53,33,45,-12
2020-05-04,MIAMI-DADE,9455,3118,0.32977260708619777,692,167,103,47,33,14
2020-05-04,PALM BEACH,4332,1613,0.37234533702677747,228,71,52,34,39,-5
2020-05-05,BROWARD,6816,1701,0.24955985915492956,254,71,50,33,44,-11
2020-05-05,MIAMI-DADE,9455,2950,0.3120042305658382,674,157,84,68,76,-8
2020-05-05,PALM BEACH,4332,1545,0.35664819944598336,230,75,47,48,33,15
2020-05-05,BROWARD,6816,1701,0.24955985915492956,259,75,50,33,44,-11
2020-05-05,MIAMI-DADE,9455,2954,0.3124272871496563,677,156,84,67,74,-7
2020-05-05,PALM BEACH,4332,1545,0.35664819944598336,230,75,47,48,33,15
2020-05-06,BROWARD,6816,1796,0.2634976525821596,249,65,52,44,31,13
2020-05-06,MIAMI-DADE,9455,2926,0.30946589106292965,660,142,80,80,68,12
2020-05-06,PALM BEACH,4332,1514,0.3494921514312096,233,67,39,45,34,11
2020-05-06,BROWARD,6816,1796,0.2634976525821596,249,65,52,50,31,19
2020-05-06,MIAMI-DADE,9455,2930,0.30988894764674774,658,142,80,84,72,12
2020-05-06,PALM BEACH,4332,1514,0.3494921514312096,233,67,39,45,33,12
2020-05-07,BROWARD,6816,1830,0.26848591549295775,246,61,44,43,21,22
2020-05-07,MIAMI-DADE,9455,2867,0.3032258064516129,661,137,75,71,65,6
2020-05-07,PALM BEACH,4332,1478,0.3411819021237304,237,69,41,45,28,17
2020-05-07,BROWARD,6816,1830,0.26848591549295775,246,61,44,43,21,22
2020-05-07,MIAMI-DADE,9455,2870,0.30354309888947645,658,136,75,71,65,6
2020-05-07,PALM BEACH,4332,1477,0.3409510618651893,236,69,40,44,27,17
2020-05-08,BROWARD,6816,1824,0.2676056338028169,247,68,42,40,20,20
2020-05-08,MIAMI-DADE,9455,3023,0.3197250132205182,643,130,78,68,64,4
2020-05-08,PALM BEACH,4332,1499,0.3460295475530933,224,65,40,36,46,-10
2020-05-09,BROWARD,6816,1914,0.28080985915492956,241,62,41,36,25,11
2020-05-09,MIAMI-DADE,9526,3056,0.32080621457064873,817,128,79,67,185,-118
2020-05-09,PALM BEACH,4332,1592,0.3674976915974146,224,66,43,31,32,-1
2020-05-09,BROWARD,6816,1890,0.2772887323943662,241,63,42,34,21,13
2020-05-09,MIAMI-DADE,9526,3049,0.32007138358177617,649,129,79,71,180,-109
2020-05-09,PALM BEACH,4332,1592,0.3674976915974146,224,66,43,31,32,-1
2020-05-10,BROWARD,6816,1873,0.2747946009389671,253,63,41,41,18,23
2020-05-10,MIAMI-DADE,9526,3017,0.31671215620407306,662,133,77,81,35,46
2020-05-10,PALM BEACH,4332,1625,0.37511542012927057,226,69,41,41,32,9
2020-05-10,BROWARD,6816,1873,0.2747946009389671,253,63,41,41,18,23
2020-05-10,MIAMI-DADE,9526,3073,0.32259080411505353,667,127,77,64,31,33
2020-05-10,PALM BEACH,4332,1625,0.37511542012927057,227,70,41,37,33,4
2020-05-11,BROWARD,6816,1839,0.269806338028169,283,59,39,50,6,44
2020-05-11,MIAMI-DADE,9526,3214,0.33739239974805796,695,121,74,58,23,35
2020-05-11,PALM BEACH,4332,1640,0.3785780240073869,218,64,38,41,28,13
2020-05-11,BROWARD,6816,1832,0.2687793427230047,283,59,39,50,6,44
2020-05-11,MIAMI-DADE,9526,3214,0.33739239974805796,695,121,74,58,23,35
2020-05-11,PALM BEACH,4332,1640,0.3785780240073869,218,64,38,41,28,13
2020-05-12,BROWARD,6816,1682,0.24677230046948356,279,61,41,30,20,10
2020-05-12,MIAMI-DADE,9526,2889,0.30327524669326056,698,123,82,74,49,25
2020-05-12,PALM BEACH,4332,1520,0.3508771929824561,222,67,50,41,29,12
2020-05-12,BROWARD,6816,1682,0.24677230046948356,279,61,41,30,20,10
2020-05-12,MIAMI-DADE,9526,2874,0.3017006088599622,634,111,73,76,50,26
2020-05-12,PALM BEACH,4332,1520,0.3508771929824561,222,68,36,41,29,12
2020-05-13,BROWARD,6816,1616,0.23708920187793428,246,50,24,41,16,25
2020-05-13,MIAMI-DADE,9526,2862,0.3004408985933235,679,112,68,50,59,-9
2020-05-13,PALM BEACH,4332,1508,0.3481071098799631,216,64,37,47,35,12
2020-05-13,BROWARD,6816,1625,0.23840962441314553,286,57,34,42,15,27
2020-05-13,MIAMI-DADE,9526,2764,0.2901532647491077,716,119,66,54,55,-1
2020-05-13,PALM BEACH,4332,1500,0.3462603878116344,219,64,38,40,29,11
2020-05-14,BROWARD,6816,1654,0.24266431924882628,300,57,36,41,26,15
2020-05-14,MIAMI-DADE,9526,2696,0.28301490657148853,694,118,62,54,74,-20
2020-05-14,PALM BEACH,4332,1453,0.33541089566020316,242,75,37,48,36,12
2020-05-14,BROWARD,6816,1654,0.24266431924882628,300,57,36,44,26,18
2020-05-14,MIAMI-DADE,9526,2685,0.2818601721604031,694,117,61,47,76,-29
2020-05-14,PALM BEACH,4332,1453,0.33541089566020316,242,75,37,48,36,12
2020-05-15,BROWARD,6816,1694,0.24853286384976525,281,45,35,25,19,6
2020-05-15,MIAMI-DADE,9526,2663,0.27955070333823223,697,110,59,67,76,-9
2020-05-15,PALM BEACH,4332,1460,0.33702677746999077,236,71,37,39,30,9
2020-05-15,BROWARD,6816,1694,0.24853286384976525,281,45,35,25,19,6
2020-05-15,MIAMI-DADE,9526,2662,0.279445727482679,697,111,59,60,64,-4
2020-05-15,PALM BEACH,4332,1422,0.32825484764542934,241,73,36,43,43,0
2020-05-16,BROWARD,6816,1779,0.26100352112676056,277,41,36,22,25,-3
2020-05-16,MIAMI-DADE,9526,2759,0.28962838547134157,714,119,61,62,81,-19
2020-05-16,PALM BEACH,4332,1395,0.3220221606648199,250,70,38,48,34,14
2020-05-16,BROWARD,6816,1723,0.252787558685446,270,43,38,23,25,-2
2020-05-16,MIAMI-DADE,9526,2760,0.2897333613268948,747,125,62,74,83,-9
2020-05-16,PALM BEACH,4332,1412,0.32594644506001846,247,71,41,50,29,21
2020-05-18,BROWARD,6816,1838,0.26965962441314556,270,46,42,22,17,5
2020-05-18,MIAMI-DADE,9526,2638,0.2769263069494016,778,128,82,23,14,9
2020-05-18,PALM BEACH,4332,1479,0.3414127423822715,251,66,33,34,25,9
2020-05-19,BROWARD,6816,1665,0.2442781690140845,277,48,40,28,17,11
2020-05-19,MIAMI-DADE,9526,2560,0.2687381902162503,742,122,50,52,44,8
2020-05-19,PALM BEACH,4332,1322,0.3051708217913204,231,66,34,44,30,14
2020-05-23,BROWARD,6816,1590,0.23327464788732394,228,48,41,23,17,6
2020-05-23,MIAMI-DADE,9526,2592,0.2720974175939534,772,114,59,70,68,2
2020-05-23,PALM BEACH,4332,1377,0.31786703601108035,235,55,35,38,43,-5
2020-05-26,BROWARD,6816,1740,0.25528169014084506,230,47,37,25,18,7
2020-05-26,MIAMI-DADE,9526,2800,0.29393239554902373,792,106,67,67,110,-43
2020-05-26,PALM BEACH,4332,1564,0.3610341643582641,246,66,36,36,25,11
2020-05-27,BROWARD,6816,1703,0.24985328638497653,228,49,37,27,22,5
2020-05-27,MIAMI-DADE,9526,2589,0.2717824900272937,768,106,61,42,46,-4
2020-05-27,PALM BEACH,4332,1391,0.3210987996306556,246,66,37,49,34,15
2020-05-28,BROWARD,6816,1681,0.2466255868544601,213,54,41,18,25,-7
2020-05-28,MIAMI-DADE,9526,2391,0.2509972706277556,740,103,56,59,98,-39
2020-05-28,PALM BEACH,4332,1295,0.29893813481071096,234,55,34,46,62,-16
2020-05-29,BROWARD,6816,1759,0.25806924882629106,208,50,45,21,20,1
2020-05-29,MIAMI-DADE,9526,2464,0.2586605080831409,729,92,55,48,74,-26
2020-05-29,PALM BEACH,4332,1222,0.2820867959372115,238,63,35,34,37,-3
2020-05-31,BROWARD,6816,1969,0.2888791079812207,187,49,34,20,16,4
2020-05-31,MIAMI-DADE,9526,2640,0.27713625866050806,716,96,53,71,49,22
2020-05-31,PALM BEACH,4332,1272,0.29362880886426596,241,68,40,28,26,2
2020-06-01,BROWARD,6816,2013,0.2953345070422535,198,51,34,12,23,-11
2020-06-01,MIAMI-DADE,9526,2526,0.2651690111274407,663,95,75,39,45,-6
2020-06-01,PALM BEACH,4332,1254,0.2894736842105263,251,69,43,34,37,-3
2020-06-02,BROWARD,6822,1894,0.2776311931984755,195,53,33,32,33,-1
2020-06-02,MIAMI-DADE,9526,2464,0.2586605080831409,714,96,54,61,59,2
2020-06-02,PALM BEACH,4288,1214,0.283115671641791,237,64,36,39,42,-3
2020-06-03,BROWARD,6816,1853,0.27186032863849763,187,50,32,30,39,-9
2020-06-03,MIAMI-DADE,9526,2339,0.24553852613898802,699,98,56,58,109,-51
2020-06-03,PALM BEACH,4288,1214,0.283115671641791,271,90,64,40,18,22
2020-06-04,BROWARD,6816,1904,0.2793427230046948,167,52,32,20,26,-6
2020-06-04,MIAMI-DADE,9526,2444,0.2565609909720764,643,98,110,60,81,-21
2020-06-04,PALM BEACH,4288,1201,0.2800839552238806,254,78,41,45,33,12
2020-06-05,BROWARD,6816,1780,0.26115023474178406,182,50,31,23,16,7
2020-06-05,MIAMI-DADE,9526,2478,0.260130170060886,717,114,56,82,86,-4
2020-06-05,PALM BEACH,4288,1208,0.28171641791044777,253,75,48,41,43,-2
2020-06-08,BROWARD,6816,1905,0.2794894366197183,185,50,29,26,12,14
2020-06-08,MIAMI-DADE,9526,2504,0.2628595423052698,723,108,60,56,22,34
2020-06-08,PALM BEACH,4288,1295,0.30200559701492535,307,87,48,53,17,36
2020-06-10,BROWARD,6816,1758,0.2579225352112676,169,46,29,26,23,3
2020-06-10,MIAMI-DADE,9526,2199,0.23084190636153684,724,93,58,60,54,6
2020-06-10,PALM BEACH,4288,1157,0.26982276119402987,293,84,55,40,41,-1
2020-06-11,BROWARD,6816,1740,0.25528169014084506,204,50,30,31,23,8
2020-06-11,MIAMI-DADE,9526,2160,0.22674784799496117,691,98,58,65,67,-2
2020-06-11,PALM BEACH,4288,1158,0.27005597014925375,275,84,52,49,42,7
2020-06-12,BROWARD,6816,1678,0.24618544600938966,215,48,31,31,25,6
2020-06-12,MIAMI-DADE,9526,2192,0.23010707537266428,686,99,59,54,70,-16
2020-06-12,PALM BEACH,4288,1113,0.2595615671641791,289,90,51,42,28,14
2020-06-12,BROWARD,6816,1679,0.24633215962441316,214,48,31,28,25,3
2020-06-12,MIAMI-DADE,9526,2291,0.24049968507243333,681,103,59,58,69,-11
2020-06-12,PALM BEACH,4288,1103,0.2572294776119403,287,88,50,42,25,17
2020-06-15,BROWARD,6816,1855,0.2721537558685446,222,53,27,30,16,14
2020-06-15,MIAMI-DADE,9526,2383,0.2501574637833298,738,126,66,95,45,50
2020-06-15,PALM BEACH,4288,1273,0.296875,291,74,54,47,25,22
2020-06-16,BROWARD,6816,1706,0.25029342723004694,235,61,29,39,29,10
2020-06-16,MIAMI-DADE,9526,2250,0.23619567499475122,754,135,64,99,76,23
2020-06-16,PALM BEACH,4288,1200,0.2798507462686567,303,78,44,68,45,23
2020-06-17,BROWARD,6816,1692,0.2482394366197183,243,54,27,40,36,4
2020-06-17,MIAMI-DADE,9526,2161,0.2268528238505144,761,131,67,101,87,14
2020-06-17,PALM BEACH,4288,1123,0.2618936567164179,329,95,50,49,53,-4
2020-06-18,BROWARD,6816,1460,0.2142018779342723,257,56,26,44,32,12
2020-06-18,MIAMI-DADE,9526,2036,0.21373084190636155,761,138,64,101,249,-148
2020-06-18,PALM BEACH,4288,1125,0.26236007462686567,348,99,49,58,38,20
2020-06-19,BROWARD,6816,1347,0.19762323943661972,289,68,26,53,35,18
2020-06-19,MIAMI-DADE,9526,2096,0.2200293932395549,758,131,71,115,150,-35
2020-06-19,PALM BEACH,4288,1111,0.25909514925373134,369,90,49,58,36,22
2020-06-20,BROWARD,6816,1475,0.2164025821596244,297,71,30,51,24,27
2020-06-20,MIAMI-DADE,9526,2087,0.2190846105395759,794,131,74,103,92,11
2020-06-20,PALM BEACH,4288,1173,0.2735541044776119,376,92,48,68,34,34
2020-06-22,MIAMI-DADE,9526,2066,0.21688011757295822,900,165,77,110,42,68
2020-06-22,PALM BEACH,4288,1259,0.29361007462686567,371,77,46,51,35,16
2020-06-23,BROWARD,6816,1556,0.2282863849765258,302,47,25,49,33,16
2020-06-23,MIAMI-DADE,9526,1991,0.2090069284064665,932,163,78,154,94,60
2020-06-23,PALM BEACH,4288,1144,0.2667910447761194,402,82,51,68,43,25
2020-06-24,BROWARD,6816,1445,0.2120011737089202,391,68,34,66,59,7
2020-06-24,MIAMI-DADE,9526,1852,0.19441528448456855,981,185,83,164,121,43
2020-06-24,PALM BEACH,4288,1139,0.265625,394,84,69,57,59,-2
2020-06-25,BROWARD,6816,1301,0.1908744131455399,429,74,26,79,33,46
2020-06-25,MIAMI-DADE,9526,1830,0.19210581566239765,955,182,87,160,140,20
2020-06-25,PALM BEACH,4288,1127,0.26282649253731344,384,76,46,70,50,20
2020-06-26,BROWARD,6816,1238,0.18163145539906103,451,92,43,73,45,28
2020-06-26,MIAMI-DADE,9526,2054,0.21562040730631954,1006,195,88,187,142,45
2020-06-26,PALM BEACH,4288,1046,0.2439365671641791,403,80,46,74,38,36
2020-06-27,BROWARD,6816,1289,0.18911384976525822,472,97,38,82,51,31
2020-06-27,MIAMI-DADE,9526,2118,0.2223388620617258,1004,206,91,160,136,24
2020-06-27,PALM BEACH,4288,1124,0.2621268656716418,420,77,45,94,57,37
2020-06-27,BROWARD,6816,1289,0.18911384976525822,472,97,38,82,51,31
2020-06-27,MIAMI-DADE,9526,2127,0.2232836447617048,1004,206,90,162,130,32
2020-06-27,PALM BEACH,4288,1124,0.2621268656716418,420,77,45,94,57,37
2020-06-28,MIAMI-DADE,9526,2166,0.22737770312828048,1100,223,90,182,109,73
2020-06-28,BROWARD,NA,NA,NA,NA,NA,NA,NA,NA,NA
2020-06-28,PALM BEACH,NA,NA,NA,NA,NA,NA,NA,NA,NA
2020-06-29,MIAMI-DADE,9526,1987,0.20858702498425363,1152,234,92,160,110,50
2020-06-29,BROWARD,NA,NA,NA,NA,NA,NA,NA,NA,NA
2020-06-29,PALM BEACH,NA,NA,NA,NA,NA,NA,NA,NA,NA
2020-06-30,BROWARD,6816,1167,0.17121478873239437,602,113,49,105,65,40
2020-06-30,MIAMI-DADE,9526,1863,0.195570018895654,1219,282,105,174,120,54
2020-06-30,PALM BEACH,4288,1072,0.25,493,118,56,95,57,38
2020-07-01,MIAMI-DADE,9526,1819,0.1909510812513122,1295,265,119,211,209,2
2020-07-01,BROWARD,NA,NA,NA,NA,NA,NA,NA,NA,NA
2020-07-01,PALM BEACH,NA,NA,NA,NA,NA,NA,NA,NA,NA
2020-07-02,MIAMI-DADE,9526,1735,0.18213310938484148,1381,283,140,251,170,81
2020-07-02,BROWARD,NA,NA,NA,NA,NA,NA,NA,NA,NA
2020-07-02,PALM BEACH,NA,NA,NA,NA,NA,NA,NA,NA,NA
2020-07-03,MIAMI-DADE,9526,1979,0.20774721813982783,1394,295,148,218,199,19
2020-07-03,BROWARD,NA,NA,NA,NA,NA,NA,NA,NA,NA
2020-07-03,PALM BEACH,NA,NA,NA,NA,NA,NA,NA,NA,NA
2020-07-05,BROWARD,6816,1256,0.18427230046948356,799,143,65,116,99,17
2020-07-05,MIAMI-DADE,9526,2002,0.21016166281755197,1539,332,166,204,138,66
2020-07-05,PALM BEACH,4288,1311,0.30573694029850745,555,115,71,84,58,26
2020-07-06,BROWARD,6816,1177,0.1726819248826291,872,146,72,151,109,42
2020-07-06,MIAMI-DADE,9526,1906,0.20008398068444258,1641,333,171,221,134,87
2020-07-06,PALM BEACH,4288,1308,0.3050373134328358,611,121,72,85,41,44
2020-07-08,BROWARD,6816,960,0.14084507042253522,843,169,89,110,135,-25
2020-07-08,MIAMI-DADE,9526,1906,0.20008398068444258,1689,353,180,239,272,-33
2020-07-08,PALM BEACH,4288,1130,0.2635261194029851,610,133,76,93,98,-5
2020-07-09,BROWARD,6816,963,0.14128521126760563,954,187,101,129,119,10
2020-07-09,MIAMI-DADE,9526,1851,0.19431030862901533,1755,365,189,214,228,-14
2020-07-09,PALM BEACH,4288,1072,0.25,615,138,105,99,82,17
2020-07-10,BROWARD,6816,968,0.142018779342723,964,194,117,152,128,24
2020-07-10,MIAMI-DADE,9526,1798,0.1887465882846945,1770,370,196,238,251,-13
2020-07-10,PALM BEACH,4288,1129,0.2632929104477612,622,142,77,82,69,13
2020-07-12,BROWARD,6816,1059,0.15536971830985916,1054,202,138,100,63,37
2020-07-12,MIAMI-DADE,9526,1798,0.1887465882846945,1887,394,205,260,209,51
2020-07-12,PALM BEACH,4288,1255,0.29267723880597013,640,142,81,105,103,2
2020-07-13,BROWARD,6816,1026,0.1505281690140845,1215,240,160,254,104,150
2020-07-13,MIAMI-DADE,9526,1707,0.17919378542935124,2025,414,212,269,172,97
2020-07-13,PALM BEACH,4288,1239,0.2889458955223881,660,149,93,106,78,28
2020-07-14,BROWARD,6816,957,0.14040492957746478,1230,244,171,192,124,68
2020-07-14,MIAMI-DADE,9551,1631,0.17076745890482672,1968,428,204,267,254,13
2020-07-14,PALM BEACH,4288,1160,0.27052238805970147,680,151,90,100,78,22
2020-07-15,BROWARD,6816,904,0.13262910798122066,1224,262,182,129,169,-40
2020-07-15,MIAMI-DADE,9551,1597,0.16720762223850905,1999,429,220,281,301,-20
2020-07-15,PALM BEACH,4288,1132,0.26399253731343286,665,145,85,101,102,-1
2020-07-16,BROWARD,6816,989,0.14509976525821597,1250,257,198,132,153,-21
2020-07-16,MIAMI-DADE,9551,1586,0.16605591037587686,2016,460,241,274,272,2
2020-07-16,PALM BEACH,4288,1058,0.24673507462686567,689,147,80,116,79,37
2020-07-17,BROWARD,6816,940,0.13791079812206572,1246,246,196,151,162,-11
2020-07-17,MIAMI-DADE,9551,1644,0.17212857292430112,2069,453,245,252,240,12
2020-07-17,PALM BEACH,4288,1094,0.25513059701492535,602,149,80,111,83,28
2020-07-19,BROWARD,6816,985,0.14451291079812206,1261,261,198,122,123,-1
2020-07-19,MIAMI-DADE,9590,1847,0.19259645464025027,2225,504,282,247,185,62
2020-07-19,PALM BEACH,4288,1238,0.2887126865671642,672,146,86,79,58,21
2020-07-21,BROWARD,6816,882,0.12940140845070422,1319,269,191,149,152,-3
2020-07-21,MIAMI-DADE,9590,1521,0.1586027111574557,2299,527,312,280,259,21
2020-07-21,PALM BEACH,4288,1170,0.2728544776119403,672,141,82,90,103,-13
2020-07-22,BROWARD,6816,875,0.1283744131455399,1356,275,209,134,179,-45
2020-07-22,MIAMI-DADE,9590,1572,0.16392075078206464,2262,518,312,249,300,-51
2020-07-22,PALM BEACH,4288,1143,0.26655783582089554,665,133,79,74,75,-1
2020-07-23,BROWARD,6816,916,0.13438967136150234,1442,287,213,113,179,-66
2020-07-23,MIAMI-DADE,9590,1585,0.16527632950990614,2256,523,312,261,256,5
2020-07-23,PALM BEACH,4288,1169,0.27262126865671643,659,137,75,65,80,-15
2020-07-24,BROWARD,6816,903,0.1324823943661972,1309,280,215,123,139,-16
2020-07-24,MIAMI-DADE,9590,1589,0.16569343065693432,2286,536,335,242,248,-6
2020-07-24,PALM BEACH,4288,1155,0.2693563432835821,628,134,76,81,88,-7
2020-07-25,BROWARD,6816,999,0.14656690140845072,1326,291,219,122,152,-30
2020-07-25,MIAMI-DADE,9590,1616,0.16850886339937435,2154,557,329,217,244,-27
2020-07-25,PALM BEACH,4288,1186,0.27658582089552236,650,139,78,77,84,-7
2020-07-26,BROWARD,6816,999,0.14656690140845072,1287,282,216,89,151,-62
2020-07-26,MIAMI-DADE,9590,1723,0.17966631908237748,2150,561,332,188,222,-34
2020-07-26,PALM BEACH,4288,1434,0.3344216417910448,640,136,81,65,73,-8
2020-07-27,BROWARD,6816,1021,0.14979460093896713,1305,279,215,93,136,-43
2020-07-27,MIAMI-DADE,9590,1658,0.17288842544316996,2255,562,329,229,181,48
2020-07-27,PALM BEACH,4288,1407,0.328125,639,140,86,66,34,32
2020-07-28,BROWARD,6816,899,0.13189553990610328,1305,288,223,116,145,-29
2020-07-28,MIAMI-DADE,9590,1515,0.15797705943691345,2209,571,343,217,244,-27
2020-07-28,PALM BEACH,4288,1213,0.28288246268656714,621,144,81,74,84,-10
2020-07-29,BROWARD,6816,871,0.127787558685446,1290,293,224,128,141,-13
2020-07-29,MIAMI-DADE,9590,1537,0.1602711157455683,2103,550,329,221,285,-64
2020-07-29,PALM BEACH,4288,1189,0.277285447761194,598,145,82,62,72,-10
2020-07-30,BROWARD,6816,887,0.1301349765258216,1267,283,211,108,144,-36
2020-07-30,MIAMI-DADE,9590,1580,0.16475495307612095,2083,547,321,220,275,-55
2020-07-30,PALM BEACH,4288,1202,0.28031716417910446,558,139,85,64,100,-36
2020-08-01,BROWARD,6816,967,0.14187206572769953,1207,292,214,112,137,-25
2020-08-01,MIAMI-DADE,9590,1721,0.17945776850886339,1963,539,326,195,229,-34
2020-08-01,PALM BEACH,4288,1366,0.3185634328358209,523,134,86,67,56,11
2020-08-02,BROWARD,6816,997,0.14627347417840375,1205,270,212,86,103,-17
2020-08-02,MIAMI-DADE,9590,1775,0.18508863399374348,1937,519,319,145,179,-34
2020-08-02,PALM BEACH,4288,1428,0.33302238805970147,537,132,86,58,40,18
2020-08-03,BROWARD,6816,999,0.14656690140845072,1187,261,208,75,125,-50
2020-08-03,MIAMI-DADE,9590,1823,0.19009384775808133,1951,509,318,158,130,28
2020-08-03,PALM BEACH,4288,1396,0.3255597014925373,547,134,92,53,44,9
2020-08-04,BROWARD,6816,963,0.14128521126760563,1087,251,216,75,123,-48
2020-08-04,MIAMI-DADE,9590,1664,0.1735140771637122,1949,512,326,203,176,27
2020-08-04,PALM BEACH,4288,1267,0.2954757462686567,498,141,99,52,71,-19
2020-08-06,BROWARD,6816,960,0.14084507042253522,1060,245,196,95,151,-56
2020-08-06,MIAMI-DADE,9590,1581,0.164859228362878,1850,498,349,172,202,-30
2020-08-06,PALM BEACH,4288,1278,0.2980410447761194,486,133,92,54,61,-7
2020-08-07,BROWARD,6816,944,0.13849765258215962,1045,233,192,76,140,-64
2020-08-07,MIAMI-DADE,9590,1670,0.17413972888425444,1833,477,336,194,187,7
2020-08-07,PALM BEACH,4288,1390,0.324160447761194,465,127,86,46,57,-11
2020-08-08,BROWARD,6816,952,0.1396713615023474,1024,228,192,76,123,-47
2020-08-08,MIAMI-DADE,9590,1815,0.18925964546402502,1777,477,334,161,299,-138
2020-08-08,PALM BEACH,4288,1465,0.3416511194029851,437,126,84,61,82,-21
2020-08-09,BROWARD,6816,1068,0.15669014084507044,977,216,191,71,104,-33
2020-08-09,MIAMI-DADE,9590,1891,0.19718456725755995,1712,457,319,121,159,-38
2020-08-09,PALM BEACH,4288,1487,0.34678171641791045,440,127,89,54,45,9
2020-08-10,BROWARD,6816,1096,0.1607981220657277,996,214,195,74,107,-33
2020-08-10,MIAMI-DADE,9590,1910,0.1991657977059437,1703,443,307,118,129,-11
2020-08-10,PALM BEACH,4288,1410,0.32882462686567165,460,131,91,47,40,7
2020-08-11,BROWARD,6816,982,0.14407276995305165,993,216,177,78,107,-29
2020-08-11,MIAMI-DADE,9590,1682,0.1753910323253389,1650,427,291,167,190,-23
2020-08-11,PALM BEACH,4288,1323,0.308535447761194,458,136,96,45,49,-4
2020-08-12,BROWARD,6816,979,0.14363262910798122,964,215,170,77,106,-29
2020-08-12,MIAMI-DADE,9590,1640,0.1710114702815433,1574,421,294,142,204,-62
2020-08-12,PALM BEACH,4288,1343,0.31319962686567165,441,125,89,58,72,-14
2020-08-13,BROWARD,6816,988,0.1449530516431925,924,210,174,66,98,-32
2020-08-13,MIAMI-DADE,9590,1849,0.19280500521376434,1497,394,278,146,173,-27
2020-08-13,PALM BEACH,4288,1350,0.3148320895522388,420,122,91,50,54,-4
2020-08-14,BROWARD,6816,937,0.1374706572769953,838,206,184,63,106,-43
2020-08-14,MIAMI-DADE,9590,1961,0.20448383733055267,1415,395,269,115,181,-66
2020-08-14,PALM BEACH,4288,1348,0.314365671641791,394,120,83,50,63,-13
2020-08-16,BROWARD,6816,1095,0.16065140845070422,802,206,183,47,73,-26
2020-08-16,MIAMI-DADE,9590,2162,0.2254431699687174,1334,378,274,108,110,-2
2020-08-16,PALM BEACH,4288,1502,0.35027985074626866,380,116,75,28,37,-9
2020-08-17,BROWARD,6816,1124,0.16490610328638497,802,198,166,58,66,-8
2020-08-17,MIAMI-DADE,9590,2204,0.22982273201251305,1317,371,284,88,72,16
2020-08-17,PALM BEACH,4288,1442,0.3362873134328358,383,114,78,45,37,8
2020-08-18,BROWARD,6816,1006,0.14759389671361503,781,199,169,58,88,-30
2020-08-18,MIAMI-DADE,9590,2020,0.21063607924921793,1295,355,261,137,137,0
2020-08-18,PALM BEACH,4288,1292,0.30130597014925375,383,122,75,44,41,3
2020-08-19,BROWARD,6816,982,0.14407276995305165,769,210,171,78,74,4
2020-08-19,MIAMI-DADE,9590,1953,0.20364963503649636,1232,346,271,131,158,-27
2020-08-19,PALM BEACH,4288,1312,0.30597014925373134,358,104,73,33,57,-24
2020-08-20,BROWARD,6816,986,0.14465962441314553,749,204,171,64,80,-16
2020-08-20,MIAMI-DADE,9590,1915,0.1996871741397289,1162,322,246,109,156,-47
2020-08-20,PALM BEACH,4288,1354,0.31576492537313433,631,406,74,33,49,-16
2020-08-21,BROWARD,6816,996,0.14612676056338028,726,192,162,60,84,-24
2020-08-21,MIAMI-DADE,9590,1991,0.20761209593326382,1138,290,238,124,137,-13
2020-08-21,PALM BEACH,4288,1485,0.3463152985074627,313,100,67,37,47,-10
2020-08-22,BROWARD,6816,1014,0.1487676056338028,681,180,152,53,88,-35
2020-08-22,MIAMI-DADE,9590,2157,0.22492179353493222,1056,282,224,103,140,-37
2020-08-22,PALM BEACH,4288,1384,0.32276119402985076,289,96,64,24,42,-18
2020-08-23,BROWARD,6816,1046,0.153462441314554,661,177,149,48,77,-29
2020-08-23,MIAMI-DADE,9590,2221,0.2315954118873827,1047,278,221,65,93,-28
2020-08-23,PALM BEACH,4288,1420,0.33115671641791045,273,91,62,24,26,-2
2020-08-24,BROWARD,6816,1090,0.15991784037558684,662,177,146,53,63,-10
2020-08-24,MIAMI-DADE,9590,2064,0.21522419186652764,1068,269,210,88,75,13
2020-08-24,PALM BEACH,4288,1416,0.3302238805970149,258,84,61,30,27,3
2020-08-25,BROWARD,6816,1014,0.1487676056338028,628,174,145,54,79,-25
2020-08-25,MIAMI-DADE,9590,2048,0.213555787278415,996,266,209,89,109,-20
2020-08-25,PALM BEACH,4288,1230,0.2868470149253731,257,89,58,27,26,1
2020-08-26,BROWARD,6816,939,0.13776408450704225,605,175,141,53,68,-15
2020-08-26,MIAMI-DADE,9590,2055,0.21428571428571427,966,253,206,86,110,-24
2020-08-26,PALM BEACH,4288,1256,0.292910447761194,268,95,59,29,20,9
2020-08-27,BROWARD,6816,915,0.13424295774647887,591,163,133,44,81,-37
2020-08-27,MIAMI-DADE,9590,2235,0.23305526590198122,934,240,194,103,113,-10
2020-08-27,PALM BEACH,4288,1286,0.29990671641791045,250,76,51,29,29,0
2020-08-28,BROWARD,6816,1104,0.1619718309859155,525,141,125,35,95,-60
2020-08-28,MIAMI-DADE,9590,2268,0.2364963503649635,891,227,188,76,114,-38
2020-08-28,PALM BEACH,4288,1279,0.2982742537313433,247,79,55,27,27,0
2020-08-29,BROWARD,6816,1114,0.16343896713615025,514,140,121,57,53,4
2020-08-29,MIAMI-DADE,9590,2417,0.25203336809176224,841,214,175,80,106,-26
2020-08-29,PALM BEACH,4288,1375,0.3206623134328358,203,79,54,18,31,-13
2020-08-30,BROWARD,6816,1155,0.1694542253521127,501,147,126,35,45,-10
2020-08-30,MIAMI-DADE,9590,2521,0.2628779979144943,832,213,169,57,87,-30
2020-08-30,PALM BEACH,4288,1345,0.3136660447761194,217,93,53,26,26,0
2020-08-31,BROWARD,6816,1151,0.16886737089201878,466,132,125,32,54,-22
2020-08-31,MIAMI-DADE,9590,2544,0.26527632950990615,830,213,169,65,56,9
2020-08-31,PALM BEACH,4288,1386,0.32322761194029853,208,76,47,25,15,10
2020-09-01,BROWARD,6816,1048,0.15375586854460094,465,126,112,42,68,-26
2020-09-01,MIAMI-DADE,9590,2337,0.24369134515119917,803,210,166,80,93,-13
2020-09-01,PALM BEACH,4288,1278,0.2980410447761194,228,72,46,27,30,-3
2020-09-02,BROWARD,6816,1037,0.15214201877934272,456,120,106,41,65,-24
2020-09-02,MIAMI-DADE,9590,2318,0.24171011470281542,762,200,169,85,117,-32
2020-09-02,PALM BEACH,4288,1255,0.29267723880597013,230,63,45,29,31,-2
2020-09-03,BROWARD,6816,1085,0.15918427230046947,431,117,104,29,44,-15
2020-09-03,MIAMI-DADE,9590,2263,0.2359749739311783,767,213,163,74,74,0
2020-09-03,PALM BEACH,4288,1232,0.2873134328358209,230,66,46,32,31,1
2020-09-04,BROWARD,6816,1122,0.16461267605633803,413,108,95,32,52,-20
2020-09-04,MIAMI-DADE,9590,2261,0.23576642335766423,750,212,157,92,76,16
2020-09-04,PALM BEACH,4288,1297,0.3024720149253731,208,63,46,32,37,-5
2020-09-05,BROWARD,6816,1170,0.17165492957746478,384,105,97,36,45,-9
2020-09-05,MIAMI-DADE,9590,2457,0.2562043795620438,707,198,149,74,102,-28
2020-09-05,PALM BEACH,4288,1323,0.308535447761194,186,53,41,19,31,-12
2020-09-06,BROWARD,6816,1210,0.17752347417840375,372,105,96,23,33,-10
2020-09-06,MIAMI-DADE,9590,2567,0.267674661105318,670,188,147,43,68,-25
2020-09-06,PALM BEACH,4288,1482,0.345615671641791,187,52,38,19,27,-8
2020-09-07,BROWARD,6816,1190,0.17458920187793428,370,99,89,19,33,-14
2020-09-07,MIAMI-DADE,9590,2562,0.2671532846715328,657,182,144,45,64,-19
2020-09-07,PALM BEACH,4288,1510,0.3521455223880597,183,46,36,16,15,1
2020-09-08,BROWARD,6816,1227,0.1800176056338028,365,92,85,32,47,-15
2020-09-08,MIAMI-DADE,9590,2565,0.26746611053180397,660,182,134,61,62,-1
2020-09-08,PALM BEACH,4288,1447,0.3374533582089552,176,45,29,20,26,-6
2020-09-09,BROWARD,6816,1102,0.16167840375586853,354,97,88,33,41,-8
2020-09-09,MIAMI-DADE,9590,2384,0.24859228362877997,650,173,145,63,85,-22
2020-09-09,PALM BEACH,4288,1314,0.3064365671641791,173,52,33,24,27,-3
2020-09-11,BROWARD,6816,1073,0.15742370892018778,330,94,81,30,58,-28
2020-09-11,MIAMI-DADE,9590,2297,0.23952033368091763,590,173,136,50,113,-63
2020-09-11,PALM BEACH,4288,1262,0.2943097014925373,163,53,36,23,23,0
2020-09-12,BROWARD,6816,1115,0.16358568075117372,311,92,79,34,52,-18
2020-09-12,MIAMI-DADE,9590,2442,0.2546402502606882,568,169,134,53,70,-17
2020-09-12,PALM BEACH,4288,1301,0.30340485074626866,165,64,36,28,26,2
2020-09-13,BROWARD,6816,1190,0.17458920187793428,307,88,74,24,36,-12
2020-09-13,MIAMI-DADE,9590,2557,0.26663190823774763,533,169,131,34,59,-25
2020-09-13,PALM BEACH,4288,1434,0.3344216417910448,165,63,39,24,17,7
2020-09-15,BROWARD,6816,1115,0.16358568075117372,281,78,68,15,32,-17
2020-09-15,MIAMI-DADE,9590,2498,0.26047966631908237,514,164,129,39,64,-25
2020-09-15,PALM BEACH,4288,1230,0.2868470149253731,166,60,39,28,23,5
2020-09-16,BROWARD,6816,1048,0.15375586854460094,274,82,65,24,39,-15
2020-09-16,MIAMI-DADE,9590,2399,0.2501564129301356,508,155,122,51,64,-13
2020-09-16,PALM BEACH,4288,1254,0.29244402985074625,172,54,34,28,21,7
2020-09-17,BROWARD,6816,1104,0.1619718309859155,259,73,61,29,39,-10
2020-09-17,MIAMI-DADE,9590,2333,0.24327424400417103,497,151,121,50,64,-14
2020-09-17,PALM BEACH,4288,1249,0.2912779850746269,159,53,32,26,20,6
2020-09-18,BROWARD,6816,1141,0.16740023474178403,268,72,59,24,31,-7
2020-09-18,MIAMI-DADE,9590,2346,0.2446298227320125,457,145,112,40,60,-20
2020-09-18,PALM BEACH,4288,1252,0.29197761194029853,165,56,35,32,25,7
2020-09-19,BROWARD,6816,1196,0.17546948356807512,252,70,62,30,39,-9
2020-09-19,MIAMI-DADE,9590,2579,0.2689259645464025,416,138,105,42,64,-22
2020-09-19,PALM BEACH,4288,1337,0.31180037313432835,142,51,29,27,25,2
2020-09-20,BROWARD,6816,1258,0.18456572769953053,260,67,63,13,31,-18
2020-09-20,MIAMI-DADE,9590,2735,0.2851929092805005,410,132,106,37,40,-3
2020-09-20,PALM BEACH,4288,1404,0.32742537313432835,163,52,28,21,17,4
2020-09-21,BROWARD,6816,1280,0.18779342723004694,265,73,56,25,24,1
2020-09-21,MIAMI-DADE,9590,2660,0.2773722627737226,410,128,107,25,29,-4
2020-09-21,PALM BEACH,4288,1371,0.3197294776119403,164,54,26,31,19,12
2020-09-22,BROWARD,6816,1196,0.17546948356807512,262,65,53,27,27,0
2020-09-22,MIAMI-DADE,9590,2466,0.2571428571428571,418,125,97,34,55,-21
2020-09-22,PALM BEACH,4288,1311,0.30573694029850745,159,51,29,31,20,11
2020-09-23,BROWARD,6816,1146,0.1681338028169014,250,67,53,22,32,-10
2020-09-23,MIAMI-DADE,9590,2459,0.2564129301355579,413,126,93,22,52,-30
2020-09-23,PALM BEACH,4288,1270,0.29617537313432835,141,50,29,15,35,-20
2020-09-24,BROWARD,6816,1092,0.1602112676056338,255,66,49,24,29,-5
2020-09-24,MIAMI-DADE,9590,2436,0.25401459854014596,381,114,85,35,60,-25
2020-09-24,PALM BEACH,4288,1247,0.2908115671641791,133,48,31,15,24,-9
2020-09-25,BROWARD,6816,1074,0.15757042253521128,239,65,46,22,32,-10
2020-09-25,MIAMI-DADE,9590,2418,0.2521376433785193,369,116,81,32,51,-19
2020-09-25,PALM BEACH,4288,1202,0.28031716417910446,130,48,32,20,21,-1
2020-09-25,BROWARD,6816,1130,0.1657863849765258,235,59,43,26,29,-3
2020-09-25,MIAMI-DADE,9590,3415,0.35610010427528677,365,121,78,38,54,-16
2020-09-25,PALM BEACH,4288,1400,0.32649253731343286,122,46,29,19,25,-6
2020-09-27,BROWARD,6816,1244,0.18251173708920188,219,56,45,17,25,-8
2020-09-27,MIAMI-DADE,9590,2541,0.26496350364963506,363,119,74,57,40,17
2020-09-27,PALM BEACH,4288,1447,0.3374533582089552,127,56,31,17,10,7
2020-09-29,BROWARD,6816,1109,0.16270539906103287,210,56,41,24,31,-7
2020-09-29,MIAMI-DADE,9590,2490,0.2596454640250261,364,114,70,46,37,9
2020-09-29,PALM BEACH,4288,1380,0.3218283582089552,126,46,26,16,16,0
2020-10-02,BROWARD,6816,1057,0.15507629107981222,223,49,37,20,32,-12
2020-10-02,MIAMI-DADE,9590,2316,0.24150156412930135,373,116,67,34,33,1
2020-10-02,PALM BEACH,4288,1273,0.296875,110,34,17,12,14,-2
2020-10-05,BROWARD,6816,1162,0.170481220657277,220,48,38,19,18,1
2020-10-05,MIAMI-DADE,9590,2616,0.27278415015641294,357,99,64,21,27,-6
2020-10-05,PALM BEACH,4288,1349,0.3145988805970149,102,33,16,14,7,7
2020-10-06,BROWARD,6816,1111,0.1629988262910798,233,47,31,30,25,5
2020-10-06,MIAMI-DADE,9590,2415,0.2518248175182482,366,103,61,42,37,5
2020-10-06,PALM BEACH,4288,1212,0.2826492537313433,105,36,19,16,7,9
2020-10-08,BROWARD,6816,995,0.1459800469483568,224,55,32,30,26,4
2020-10-08,MIAMI-DADE,9590,2173,0.22659019812304484,357,97,64,46,46,0
2020-10-08,PALM BEACH,4288,1159,0.27028917910447764,116,44,22,21,10,11
2020-10-09,BROWARD,6816,1045,0.15331572769953053,227,50,28,18,15,3
2020-10-09,MIAMI-DADE,9590,2330,0.2429614181438999,353,95,68,31,42,-11
2020-10-09,PALM BEACH,4288,1085,0.25303171641791045,115,40,17,19,11,8
2020-10-10,BROWARD,6816,1094,0.16050469483568075,218,48,27,21,25,-4
2020-10-10,MIAMI-DADE,9590,2296,0.23941605839416058,355,95,64,35,42,-7
2020-10-10,PALM BEACH,4288,1206,0.28125,117,41,17,21,20,1
2020-10-12,BROWARD,6816,1176,0.17253521126760563,198,47,29,15,22,-7
2020-10-12,MIAMI-DADE,9590,2471,0.2576642335766423,361,100,65,38,26,12
2020-10-12,PALM BEACH,4288,1302,0.30363805970149255,122,37,16,16,9,7
2020-10-14,BROWARD,6816,1011,0.1483274647887324,197,41,30,26,29,-3
2020-10-14,MIAMI-DADE,9590,2399,0.2501564129301356,353,98,62,25,53,-28
2020-10-14,PALM BEACH,4288,1208,0.28171641791044777,121,35,16,10,11,-1
2020-10-16,BROWARD,6816,1045,0.15331572769953053,199,47,31,24,33,-9
2020-10-16,MIAMI-DADE,9590,2301,0.23993743482794577,357,92,56,42,51,-9
2020-10-16,PALM BEACH,4288,1296,0.30223880597014924,108,36,15,18,19,-1
2020-10-17,BROWARD,6816,1060,0.15551643192488263,192,46,30,22,33,-11
2020-10-17,MIAMI-DADE,9590,2478,0.2583941605839416,352,92,57,40,51,-11
2020-10-17,PALM BEACH,4288,1462,0.34095149253731344,101,39,12,13,18,-5
2020-10-18,BROWARD,6816,1164,0.17077464788732394,196,42,29,25,39,-14
2020-10-18,MIAMI-DADE,9590,2703,0.2818561001042753,338,95,56,32,48,-16
2020-10-18,PALM BEACH,4288,1469,0.3425839552238806,103,31,10,16,10,6
2020-10-19,BROWARD,6816,1169,0.1715082159624413,205,45,29,22,26,-4
2020-10-19,MIAMI-DADE,9590,2560,0.2669447340980188,345,98,56,36,34,2
2020-10-19,PALM BEACH,4288,1458,0.3400186567164179,105,31,10,17,11,6
2020-10-20,BROWARD,6816,1071,0.15713028169014084,207,44,29,29,16,13
2020-10-20,MIAMI-DADE,9590,2431,0.25349322210636077,337,95,55,42,41,1
2020-10-20,PALM BEACH,4288,1380,0.3218283582089552,111,23,11,21,9,12
2020-10-22,BROWARD,6816,998,0.14642018779342722,205,42,31,29,27,2
2020-10-22,MIAMI-DADE,9590,2368,0.24692387904066737,376,96,55,34,48,-14
2020-10-22,PALM BEACH,4288,1247,0.2908115671641791,118,22,7,24,14,10
2020-10-23,BROWARD,6792,939,0.13825088339222616,207,44,28,23,39,-16
2020-10-23,MIAMI-DADE,9590,2415,0.2518248175182482,370,99,59,39,38,1
2020-10-23,PALM BEACH,4288,1270,0.29617537313432835,122,24,7,22,19,3
2020-10-24,BROWARD,6792,975,0.1435512367491166,219,42,27,25,32,-7
2020-10-24,MIAMI-DADE,9590,2599,0.27101147028154327,386,98,60,49,38,11
2020-10-24,PALM BEACH,4288,1360,0.31716417910447764,137,24,9,27,16,11
2020-10-25,BROWARD,6792,1082,0.15930506478209658,202,45,28,28,34,-6
2020-10-25,MIAMI-DADE,9590,2631,0.2743482794577685,389,96,58,39,37,2
2020-10-25,PALM BEACH,4288,1382,0.322294776119403,137,24,12,32,21,11
2020-10-26,BROWARD,6792,1098,0.16166077738515902,215,41,30,27,36,-9
2020-10-26,MIAMI-DADE,9590,2554,0.26631908237747653,407,95,60,39,27,12
2020-10-26,PALM BEACH,4288,1449,0.337919776119403,129,24,12,28,20,8
2020-10-27,BROWARD,6792,1009,0.14855712603062426,219,44,32,33,38,-5
2020-10-27,MIAMI-DADE,9590,2396,0.24984358706986445,424,103,64,52,40,12
2020-10-27,PALM BEACH,4288,1327,0.30946828358208955,143,28,13,21,23,-2
2020-10-28,BROWARD,6792,938,0.13810365135453476,224,49,36,35,40,-5
2020-10-28,MIAMI-DADE,9590,2328,0.2427528675703858,422,99,58,34,53,-19
2020-10-28,PALM BEACH,4288,1243,0.28987873134328357,143,25,14,16,22,-6
2020-10-29,BROWARD,6792,1021,0.1503239104829211,225,51,35,35,32,3
2020-10-29,MIAMI-DADE,9590,2328,0.2427528675703858,436,105,63,50,50,0
2020-10-29,PALM BEACH,4288,1227,0.28614738805970147,137,22,10,22,24,-2
2020-10-30,BROWARD,6792,985,0.14502355712603063,237,47,35,44,NA,NA
2020-10-30,MIAMI-DADE,9590,2357,0.24577685088633994,412,107,63,47,NA,NA
2020-10-30,PALM BEACH,4288,1212,0.2826492537313433,153,24,12,28,NA,NA
2020-10-31,BROWARD,6792,1107,0.16298586572438162,244,56,35,34,NA,NA
2020-10-31,MIAMI-DADE,9590,2535,0.2643378519290928,405,100,56,36,NA,NA
2020-10-31,PALM BEACH,4288,1219,0.28428171641791045,149,24,13,27,NA,NA
2020-11-01,BROWARD,6792,1181,0.17388103651354533,257,57,35,38,NA,NA
2020-11-01,MIAMI-DADE,9590,2686,0.28008342022940563,393,79,58,51,NA,NA
2020-11-01,PALM BEACH,4288,1336,0.31156716417910446,139,22,17,28,NA,NA
2020-11-02,BROWARD,6792,1155,0.1700530035335689,253,50,38,27,NA,NA
2020-11-02,MIAMI-DADE,9590,2632,0.27445255474452557,430,99,60,33,NA,NA
2020-11-02,PALM BEACH,4288,1344,0.31343283582089554,152,30,18,22,NA,NA
2020-11-04,BROWARD,6792,1061,0.15621319199057715,262,51,34,27,46,-19
2020-11-04,MIAMI-DADE,9590,2424,0.25276329509906154,434,104,58,42,55,-13
2020-11-04,PALM BEACH,4288,1215,0.2833488805970149,164,33,18,33,32,1
2020-11-05,BROWARD,6792,1045,0.15385747938751473,276,61,35,47,42,5
2020-11-05,MIAMI-DADE,9590,2402,0.25046923879040667,435,103,64,57,57,0
2020-11-05,PALM BEACH,4288,1204,0.28078358208955223,163,30,19,33,25,8
2020-11-06,BROWARD,6792,1038,0.15282685512367492,292,61,36,46,52,-6
2020-11-06,MIAMI-DADE,9590,2448,0.25526590198123045,420,103,65,50,70,-20
2020-11-06,PALM BEACH,4288,1470,0.34281716417910446,153,29,18,27,37,-10
2020-11-07,BROWARD,6792,1045,0.15385747938751473,279,59,35,51,58,-7
2020-11-07,MIAMI-DADE,9590,2485,0.2591240875912409,417,103,64,65,60,5
2020-11-07,PALM BEACH,4288,1227,0.28614738805970147,159,27,16,33,20,13
2020-11-08,BROWARD,6792,1140,0.16784452296819788,313,57,35,41,33,8
2020-11-08,MIAMI-DADE,9590,2635,0.27476538060479666,424,104,57,50,40,10
2020-11-08,PALM BEACH,4288,1302,0.30363805970149255,164,31,18,32,21,11
2020-11-09,BROWARD,6792,1122,0.16519434628975266,295,55,37,24,34,-10
2020-11-09,MIAMI-DADE,9590,2588,0.26986444212721583,468,113,64,41,27,14
2020-11-09,PALM BEACH,4288,1279,0.2982742537313433,191,30,17,39,16,23
2020-11-10,BROWARD,6792,1075,0.15827444051825676,307,63,42,50,40,10
2020-11-10,MIAMI-DADE,9590,2414,0.25172054223149115,473,105,65,56,61,-5
2020-11-10,PALM BEACH,4288,1201,0.2800839552238806,211,36,17,40,36,4
2020-11-11,BROWARD,6792,1037,0.1526796230859835,300,61,38,52,55,-3
2020-11-11,MIAMI-DADE,9590,2301,0.23993743482794577,492,111,69,55,59,-4
2020-11-11,PALM BEACH,4288,1077,0.2511660447761194,217,37,17,33,35,-2
2020-11-12,BROWARD,6792,951,0.14001766784452296,306,59,36,61,49,12
2020-11-12,MIAMI-DADE,9590,2225,0.23201251303441084,520,108,66,60,40,20
2020-11-12,PALM BEACH,4288,1098,0.2560634328358209,225,40,18,43,29,14
2020-11-13,BROWARD,6792,919,0.1353062426383981,322,55,35,52,49,3
2020-11-13,MIAMI-DADE,9590,2204,0.22982273201251305,519,108,61,53,67,-14
2020-11-13,PALM BEACH,4288,1086,0.25326492537313433,236,40,17,43,27,16
2020-11-14,BROWARD,6792,1032,0.1519434628975265,316,50,31,44,41,3
2020-11-14,MIAMI-DADE,9590,3414,0.3559958289885297,524,122,70,56,73,-17
2020-11-14,PALM BEACH,4288,1138,0.2653917910447761,232,45,19,48,42,6
2020-11-15,BROWARD,6792,1123,0.16534157832744406,302,45,30,35,53,-18
2020-11-15,MIAMI-DADE,9590,2554,0.26631908237747653,519,119,69,58,53,5
2020-11-15,PALM BEACH,4288,1246,0.2905783582089552,228,48,20,32,20,12
2020-11-17,BROWARD,6792,1105,0.1626914016489988,343,54,32,69,56,13
2020-11-17,MIAMI-DADE,9590,2260,0.23566214807090718,555,117,69,60,60,0
2020-11-17,PALM BEACH,4288,1136,0.26492537313432835,251,62,27,62,40,22
2020-11-18,BROWARD,6792,1064,0.15665488810365136,310,55,28,56,65,-9
2020-11-18,MIAMI-DADE,9590,2159,0.2251303441084463,556,117,64,64,80,-16
2020-11-18,PALM BEACH,4288,1097,0.255830223880597,243,61,26,43,33,10
2020-11-19,BROWARD,6792,1020,0.1501766784452297,329,50,29,46,38,8
2020-11-19,MIAMI-DADE,9590,2148,0.22398331595411888,555,134,71,69,87,-18
2020-11-19,PALM BEACH,4288,1150,0.2681902985074627,237,59,28,35,35,0
